Shai_Temperature_C,Biscuit_Thickness_mm,Dipping_Depth_mm,Porosity,Liquid_Viscosity,Ideal_Dipping_Time_s
73.10890415965768,6.490808570098726,11.479652509351688,0.4076327140544872,High,8.867985228367345
93.27500072434707,5.680481831720602,23.966533158242534,0.39167275105189236,High,2.1582344766320287
85.61978796339918,4.547638081431639,35.553104255674285,0.21025682632257428,High,-7.372172516406172
80.95304694689628,7.068975098534743,30.62787102433464,0.33649913105046253,Medium,-1.742286076910339
65.46065241548527,6.4236558627693965,33.22964017515074,0.3520782475143428,Medium,-3.783609054708313
65.4598082117671,3.8130846967244567,28.057417834875107,0.3595291123587602,Medium,-3.405974855296768
62.032926425886984,7.554635922469212,29.229679758124835,0.4320689476909329,High,1.0014182115435528
90.31616510212274,7.112686214615845,34.72184780478618,0.41344101869075134,Medium,-2.089447441642549
81.0390254110123,7.74899956645962,13.738380310071507,0.44316203711737784,Low,8.116104377866987
84.7825402228616,6.6285975419418,22.129873727509917,0.5059533046168513,Low,4.453794281849511
60.72045730035308,6.0670759796789495,12.742330463686077,0.5251942954864374,Medium,8.02273425574799
93.9468448256698,5.091215181453094,39.568380279882646,0.48724923049059776,Low,-5.429110351602485
89.13549242801476,7.663642416770067,38.04207688903146,0.5822094783819738,Low,-0.8207661303730225
67.43186887373966,7.330319447502042,6.379938397897707,0.20729303307054467,High,8.252821991512091
66.36387385224852,3.226093350530947,29.695131038049098,0.27831119427341844,Medium,-5.340273076241862
66.41915784487018,3.13183487248626,37.3836911095483,0.20302514999125687,Medium,-10.854009987220543
70.64847850358382,4.882316834390248,11.320137079456673,0.4589898856618412,High,8.520920014097214
78.36647510712832,7.052766653909164,24.878083069342033,0.5592122195799947,Low,4.497972226781748
75.11807565247405,7.936380646574722,37.04209041558146,0.2973929186305197,Low,-5.377177388577094
70.19301990693147,3.752084455517641,6.18810925050296,0.5708138179185227,Medium,11.184430495632892
81.41485131528329,5.970653576760675,29.409709353639396,0.22410695611582435,Low,-3.9819854017072314
64.88228512282146,4.904454283155108,15.407215258039276,0.5737744107222057,High,7.493486327744057
70.22506269873264,7.8495719890730165,37.35386683817856,0.3406490748958538,High,-3.8200256417653757
72.82266451527921,7.210594615678543,38.987038580787875,0.2405683313796866,Medium,-7.098388696515587
75.96244944759626,7.1916435235556895,38.04932711897019,0.39434870367453023,High,-4.116638109593203
87.48115864875547,5.343465798974851,21.597497583011233,0.3027106270882032,High,2.047573833262428
66.98858237554259,5.074097511688326,35.17149278462597,0.31394916078476914,Medium,-6.696975339963105
77.9982053444764,4.367035359653531,34.559228948727466,0.32291598597051463,High,-5.6946277784513075
80.73450991017148,3.2818774832546356,16.168516563513947,0.5212103591330653,High,5.550520224361383
61.62576444519992,7.323611881275266,34.01204159527371,0.4156645106701018,High,-2.5233682369743438
81.26406981655035,7.064505045650388,6.295267215042242,0.32452307966240146,Low,10.005089037372585
65.9683443290552,7.998588366430653,25.869445746871857,0.44413351332436735,Medium,2.2516011136324314
62.27680575448478,7.983184185369527,13.050309305069607,0.4864602696892774,Medium,9.4967558545688
93.21099380386667,5.777158528013137,9.219841002204758,0.3090496002934135,Medium,8.501786517124454
93.79712115760958,6.8449370759025525,7.693362057022321,0.3654196406101406,Low,10.011434139322676
88.29390718407615,7.72382864941214,29.370107155734893,0.24875443733477903,Low,-1.8063982555138218
70.66148192106797,7.248236953387058,16.895623731882317,0.2724597398138721,Medium,3.6723675495116157
63.418523990223434,4.236740508715988,30.36683700350665,0.4724471415859931,Low,-3.358815145147745
83.94815592792548,5.252720676550467,7.287471927962983,0.27257533907825077,Medium,7.486916122167635
75.40533728088604,3.645797075757475,16.03516182407136,0.41006535346682405,Low,2.903668678775756
64.27133821956726,7.770255136293612,23.8821952331368,0.48361850468897305,High,4.311965753266151
77.33119185389445,6.030873172254401,32.67531076936372,0.24275076923789754,High,-4.324002533936293
61.203598239032644,4.143214027517313,16.156337602622447,0.4269248878515614,Medium,3.618256903833567
91.82621407275738,6.358503422029283,26.90619817529532,0.3026251134805455,Low,-0.6067813676158096
69.05729935600058,6.090641202289479,36.00922118826655,0.5851707500950318,Low,-2.502745579876416
83.18827995238937,4.790813590164202,26.55521158638066,0.39341825868796987,High,-0.08985290576377702
70.90988766312938,3.567787960998145,13.153581616377181,0.5223970199100632,High,6.970484223925206
78.20238074122338,6.357865977963998,5.854027354478831,0.4200906168625047,Low,10.996204508110402
79.13485977701478,5.601538504518967,35.45346058653254,0.2173650131419277,Low,-7.195141505370196
66.46990594339344,6.861591958678197,5.74442937976355,0.4532605502376089,Low,11.308933089332381
93.93546197175955,5.6008175055599665,35.614558543946984,0.5805613368826628,Low,-1.064026259779509
87.12964881763901,7.2609075015927,23.51279969095242,0.4406447280585325,Low,3.12838248237408
92.88246295474661,5.759534193872428,37.86736944795137,0.5276755437707161,Low,-3.112678525317526
91.31895726496771,5.804689857676932,32.95741325207829,0.5536825853393631,Medium,0.38177215621790817
80.92649925838798,7.383268013291725,39.927693868666815,0.291231908779573,Low,-6.6678766889927825
92.26559822580909,5.017414331061985,17.274913540809855,0.28481793596329064,High,3.6162012588979904
63.09723757181718,3.6700761422532038,31.85159011258944,0.44439239554039667,Medium,-4.305888648250091
66.85940018467008,3.143913381566695,19.067581976323474,0.3644113879226819,Low,0.4498763785840598
61.582955111868834,6.775686278368095,21.79564671063681,0.5359445211466881,High,5.569329351322186
71.38656157671426,6.1015477567673235,26.96269121264295,0.5600092493592044,Medium,2.4597305234209292
73.60370513913188,6.520398840496117,35.57869899652186,0.34136855172108727,High,-4.083534388154526
69.49721611208636,4.064820807544553,39.44292142197533,0.2947482235897928,Low,-10.250640545235818
89.00581282031753,3.6818573779338486,31.889569485258136,0.5122102060975446,Low,-2.471634357255633
72.48636643427562,3.0727233283394098,19.621837375856682,0.3099224142192544,Low,-0.4441792184517548
69.83270783905833,4.752937794032984,19.747495079697458,0.5290457274054714,Low,4.138031444157657
78.9943629105387,5.949588434273165,30.815380555611203,0.36949530145950515,Medium,-2.6439078291231484
64.93234787411669,4.9612202254986615,13.357200101890582,0.46701995971658816,Medium,6.58829129771218
88.0768943263914,5.1873746101186455,8.866593959598813,0.23821412553386728,High,7.005385071842853
62.609272528791976,7.520793472468742,17.41177551742718,0.4495437298706292,Low,6.043813626182079
94.5410427810181,4.741277335116502,15.053364707892861,0.38070707149489164,High,6.2184080259616525
87.02856692538302,5.569947445799054,15.370784215959652,0.43464338527018964,Medium,7.114108254111947
66.95504885369604,6.918265063705715,13.176271286746848,0.26720568309794535,Low,4.796858978834681
60.19327409932608,4.982713911606351,6.473261637272666,0.4947494979776728,Low,9.216429078162442
88.5411499959192,6.110433501139367,5.625587715669483,0.5451188310172914,Medium,13.795186195146282
84.7400070346666,7.311818543733726,39.570283640761104,0.2866959200363103,Medium,-5.937243845690499
85.51525088143455,7.747603118288211,19.97205968075518,0.2382858222080647,Medium,3.5311467405263346
86.9944621340081,3.7353674046451895,18.451432650588856,0.20945543441853456,Medium,0.36614546145327787
62.59156281069316,7.632938125807472,28.787654894257443,0.4567886001773064,Medium,1.0339052602483152
72.54630049904954,5.460581465397691,12.638886075277245,0.4428376144355123,Low,7.295549279836507
64.05541708337954,4.291221941494792,38.248641438257884,0.41867896508562796,Medium,-7.46460144942989
90.20861990564578,5.295678781191306,32.52207550454432,0.2927788384463902,Low,-4.580904164222861
81.81543443896453,7.900162876427386,8.129385080929083,0.35636239836220585,Low,10.402400686086025
71.58143086984272,5.463090469964348,19.615327152472492,0.4377905340744692,Medium,3.308655171327926
62.22454226001083,4.6437580514375405,35.76914076467577,0.39870674354366775,Medium,-5.693874635232819
70.88438126004817,6.167004271583629,38.06562078019936,0.5951142080859548,Low,-3.5841936174963642
71.38141627093614,4.200728093890966,21.359052893745442,0.25457590102269323,Medium,-0.7452013602500958
85.53621624183225,3.3793166405433195,26.46939862237477,0.4780578216190375,Medium,-0.4719715346842348
82.31451149743246,3.644398609553246,10.846188113222633,0.3617275072417169,Medium,5.931120138049195
91.05244599017144,3.640229194788862,39.69090191479418,0.3712798459702459,High,-7.638154972245228
76.52752238066823,3.759513467561472,13.10850954842052,0.48703910626327046,Low,5.601305549610922
64.18579860784055,3.694135863247051,37.995612094729395,0.47697446052974785,High,-5.966995956247557
84.96356755280482,6.204373724016073,27.737632714732896,0.5965023974808753,Medium,2.8292614762921877
86.6274767015914,3.9094004219957244,26.27078782076007,0.2513577157816501,High,-2.2956158958815536
79.64470191493237,4.728336416619316,22.9440978855778,0.24164385975366653,Medium,-0.9679987221787524
86.98385129840963,7.483942049530059,13.073443410121554,0.48973552685149646,High,10.805270298001695
77.28284587275368,5.3698082013143615,11.178481120192789,0.4313547668025636,Medium,7.999662189283649
78.2956490283698,6.337788692605136,12.717017317456136,0.3096642666239223,High,7.117323702954878
74.96393564254923,3.861599356008149,11.52533917504891,0.23176774759559465,High,3.997611407985435
60.889669436043334,3.961445094043354,32.28545657483637,0.23426329983857222,High,-6.956844055212755
63.77619994476566,3.2043430813323943,17.254384070835552,0.5576763498656473,Low,3.728335862266263
61.1000214990357,3.844675315360823,7.024493679718873,0.27674692988749716,High,5.9360484737558785
82.27436439423232,4.392951695159793,38.918592054928396,0.3293486248462083,Low,-8.331428429244047
71.00245933767144,3.885052421383734,35.9325059737199,0.29066256089079523,Medium,-7.750482918858955
77.7999741907646,3.443512668785278,37.471329911832456,0.34199852233277495,High,-7.220213173675246
91.76482658741325,3.603179355503004,39.82177379262524,0.22776953709843736,Medium,-9.718182862767863
68.72522802021062,5.303893840163629,11.086333722682056,0.40762391636330814,Medium,7.692920775051003
74.36340230624704,4.0316685920289625,18.868470661593058,0.22704502543688598,High,0.5724970608575702
86.44428984900671,4.8213493052403775,31.538346649643195,0.5201426031289447,Low,-1.0579880333755742
68.00793579220678,5.5170863542742845,29.36072163188273,0.2934848327641732,High,-3.430439837315407
62.69429684400775,6.451974143146827,10.386356721894927,0.41600476584180424,Medium,8.285478457147404
70.14130085198188,3.1965606992054947,33.55415937467163,0.5520316350245833,Medium,-3.2795685990340813
65.64274505389015,6.997051994545213,12.855420014283123,0.4603509476188777,High,8.776865454478585
92.53941783199005,6.139501947454539,12.833616518791807,0.41318311462053414,Low,8.180314208129545
88.2842132847546,3.4087951597443595,23.794104801269476,0.32973350124615025,Low,-1.2538468391114692
82.16913147786482,7.3678931205338865,25.75289771945961,0.3332007652232792,Medium,0.99809936751867
90.50112065657012,7.604362002659066,25.30301727432339,0.46779478207927605,Medium,3.9850608971907544
88.128522691469,3.3053897992743186,8.202039308921421,0.5976557444884669,Low,10.512775686204876
66.52995206101126,4.384388240736019,35.71113019206331,0.46473567593975146,High,-5.044370150195703
91.23956494714922,7.031006398965307,14.296001490604713,0.42311336694800994,Medium,8.005168363298573
78.87697846704778,6.741298451918292,9.533022244898145,0.49226020409569843,Low,10.330873665713986
88.2604054307422,3.9226050967818864,36.1061827954142,0.38608224491348725,Medium,-5.780130736224454
91.36319549732227,4.046746616683551,38.44780243804137,0.2240569370403141,High,-8.678150575027605
71.13012162401523,4.85236051395691,35.17446660429077,0.4249187263511639,Low,-4.97637002233407
63.851817358468686,5.422614925955107,33.333062615370736,0.583050113802152,Medium,-1.285234535229887
67.97773068896797,6.09127385765148,27.93346932236576,0.27012117694306387,High,-1.682470919358238
74.94877260191898,4.8445681978488615,24.280007971319876,0.4760019563282663,Medium,1.6475725101522691
88.63051680728725,5.31267358066574,8.044536596899356,0.28037347546362257,High,8.321973954443951
90.12557041397201,6.7373546906687825,19.295862457474456,0.4143310737892325,High,6.235447415231678
60.243324568591675,3.1834160144529893,18.04409809543099,0.23867057985868786,Low,-1.8471201570087148
77.87615559021481,4.262184721720104,14.091382431611418,0.38014837450327404,High,5.0506353476929835
74.60938511020727,6.566747929422762,30.319703979100474,0.5024653315580985,Medium,0.13885234741390873
67.77377336647555,7.476034188435997,22.355650727756977,0.33902860969559284,High,2.7437331718626172
64.1952878566789,5.5583872105783305,7.836617556767678,0.4659646897948872,High,9.857666570188393
71.81653099912698,5.660567426326578,12.706412068243397,0.5181799843158916,Low,8.408121877810824
93.00183963693817,3.5358600566988803,28.914056728085857,0.5708711277917811,High,0.7943087857649155
71.31210262072644,5.237061834117274,7.664580082160507,0.29385683274218144,High,8.20599623441576
78.15767176101781,5.663086332275116,34.7922419917069,0.35972636632372323,Medium,-4.856083509676026
84.60566356133123,4.212352518173648,22.330128445489102,0.260966405332167,Low,-0.9261705184079225
72.7270360832753,4.346216154746905,21.82053020643268,0.5969934008633501,Low,3.280870056677011
94.01237289523363,4.886420815523113,25.734272463083116,0.570800387169718,Low,2.360582779358986
93.6856553229739,3.100355988888632,33.86383380738022,0.41598285211222386,High,-3.6764025341522646
68.81238035388775,4.610395827915891,17.173322276576755,0.5368133177505685,Low,5.131798702931858
77.40369770623349,4.057240034982723,28.730565339567224,0.40838319090881686,High,-2.1045452710161907
70.53074084358694,4.637486760889573,24.800618739852688,0.4494342752011039,High,1.0943237730080742
69.96941730321137,3.598810659096256,14.345989455929747,0.23564977284640665,Medium,1.3757237346542546
61.291043157408645,7.452636403699475,35.752049522430525,0.5021081681987232,Medium,-2.406472479535722
81.33475168929638,5.967962267770243,32.90991075624248,0.2510853934540939,Medium,-4.722896985548419
77.59376581301015,6.395511595722448,28.045814213044892,0.5304270521010113,Medium,2.1438126866953207
61.80175629374963,6.9458561930366916,34.77036051829847,0.5128112350681544,Medium,-1.7494620550961686
69.7526262482814,5.492210994645286,35.35529703359308,0.48349787909719055,High,-3.3055784135860797
91.78930600883288,3.4346014404371186,29.792704185026217,0.21446415220990486,High,-4.728783863396224
68.38466617334403,5.685532709092739,34.29546649272852,0.32125134237813147,Low,-5.872579096951648
65.07132052319281,5.934205590104396,29.411501158424926,0.30524502796433717,High,-2.61847014150543
77.13084660971471,6.72719737092165,28.804927011610513,0.34405456298860765,High,-0.5806238629862158
94.49776589387102,5.158297731148397,26.65139823753145,0.23505709870553543,Medium,-2.313893304194978
68.47193450290251,3.637901513977819,31.345082384517443,0.574783129212425,High,-1.697615661328395
83.52474415920575,4.418879528993623,10.551178685257579,0.4215208962849505,Medium,7.850980724226836
86.65668653650512,4.815411481993175,35.83047657196249,0.32220972426320943,Low,-6.724447831719611
68.31731403973399,6.229586206658006,35.51452347108312,0.35879260682971337,Low,-5.740365760437474
85.48757220141508,5.85389152334456,6.02365490620957,0.37888101620193426,High,11.055350667215057
72.87240964517386,4.780483629489231,33.90358626976669,0.4402377333442469,Low,-4.836266892481497
82.13070407077528,7.932576243964898,9.510445361570582,0.40627177107859913,High,11.590975568575978
82.17353987663131,6.028874096784436,16.729159899069966,0.5677567892857669,Low,7.974283950701013
78.75211394261655,4.186133958679973,31.02278897020627,0.3987853931623321,Medium,-3.597062690548772
63.16014195190429,3.5089123631020187,10.626596361690787,0.5968632059293251,Medium,8.665637079537566
89.23558734562333,3.76429569592166,33.628845844167174,0.5405699830980383,Medium,-2.5796261058015797
71.22730227401075,4.229788641922541,34.12469622852097,0.28340420574293435,Medium,-7.2591792060733145
66.5281478639949,3.8034068662977782,22.761370681629266,0.5722380858575664,High,3.509561239667759
61.427129954416735,3.932835120256529,5.223505510089176,0.24654655915419044,Low,5.420605463208268
80.68125301158847,4.425475843469235,15.046334661121946,0.5269798833964766,High,7.507655190371565
83.71475266447989,3.866867976473774,26.592442143150976,0.35224931739063203,Medium,-1.7436817853172248
60.58057401247496,7.483827123132126,39.34151623095982,0.5511897281780278,High,-3.013414304773252
77.92325704047484,3.4011687283082113,27.11347344558339,0.5472226760429801,Low,-0.657681354206769
67.92735213192783,5.622556947851273,14.093125337245592,0.5223701600470485,High,8.66428680253058
82.58104766433075,5.051984134948308,27.1901996084864,0.5160121745228246,Low,0.8388790364565359
66.1028250151747,7.911893084543032,23.89948829005494,0.3218716556392163,High,1.8252643655233762
84.1828208335863,3.5601945108402617,32.294588830290024,0.23236771322050087,Low,-7.327189024184204
73.5357371205188,4.989277995228708,8.744322358943544,0.3611920715060646,Low,7.021396713790997
92.78554960578572,7.847352166376845,31.63597658757098,0.26940980599460346,Medium,-1.4941171198837968
64.81323304510977,7.327535629469901,23.94433025366386,0.4779804355609847,Low,3.0008359740425674
71.93732228675904,7.0853603547464,38.70472013506481,0.3384398906151142,Medium,-5.869322835587633
63.971573243420615,4.2895141352246995,16.965525811354013,0.5902440803439659,Medium,5.696651062153768
92.3642766397497,3.854437936950329,27.141766259688183,0.4563888309381328,Medium,0.197953643361096
90.70687736833433,6.343216099622155,37.620983692850615,0.5289922254537444,High,-1.4763966803719053
69.02795697003044,7.646879945637929,8.587840479673774,0.2530098690967394,High,8.112681582587973
83.09944161119627,5.783814465069649,37.80299705327579,0.5448057929090491,High,-1.956251265500095
88.60277700704256,5.858063447349499,29.07600028052847,0.5691028762053577,High,2.1173117553658805
79.43202840598119,4.399895468301421,7.374297068681017,0.39482476752757434,Low,8.049919474655907
78.53777024246023,6.847464665959684,15.533724843138568,0.442501175100391,Low,6.447046150378223
68.46483018151581,3.935218742787617,29.786023102584856,0.5059239203611982,High,-1.0273556389147656
63.25859687320647,4.618396182021218,7.357271051407009,0.26993545090416504,Low,6.21372774946921
91.40255152836644,5.127182193082084,25.375966106169564,0.40102643058537696,Low,0.2614172180183325
91.51463200071657,5.538051893422275,17.105906993353486,0.35946521110892526,Medium,4.511053187730109
82.15855100456437,4.212048662075401,26.7320431218617,0.25854959686489964,Medium,-3.2506872600223353
71.86604268670453,3.5741841236960177,6.60097118343795,0.34701376891661256,Medium,7.714520088021416
72.22233511144313,6.053100212208163,35.503788215333174,0.22726892375419744,Medium,-7.142691248271908
85.40844876045838,4.443152766201279,39.07211392120889,0.2103247627797948,Low,-10.32516365003122
91.3988590983402,5.906191107113061,38.9107249349992,0.2540665156619291,High,-7.008009407633259
91.0480248492791,3.7718135763710117,31.237814111002365,0.5852460446356695,Low,-1.0364802152009607
87.29564410501683,5.405700509274087,9.553018404572118,0.41981181435800674,Low,8.364089186076423
82.47110761540007,5.662947162757929,31.53921185751579,0.586328864461288,Low,0.06563603490031222
62.94489877482671,3.2591176841121348,5.860542076058053,0.37299915133205275,Medium,7.8306506040131305
65.65700499331149,4.6830213909696035,5.774324303514904,0.3247264532341038,Medium,8.025374199528153
91.44939659844778,3.672073384694871,16.326357670233943,0.40245674513609764,Medium,4.806151544931175
81.22501708808565,3.3168748523638385,22.102511664163302,0.37580467545316404,High,0.8930220049787327
60.32189680658204,7.949801161949726,31.964259623272763,0.24226587370469757,Low,-4.379312425302663
63.55150400031113,4.611769224873615,28.915338181227682,0.45633052587608247,High,-0.8117304666983972
83.22256191878195,7.049372229273175,20.60659472318619,0.28641527300383984,Medium,2.9447370788526603
60.17715543461765,4.273203273818819,14.576933319858306,0.44783518195913186,High,5.7454833614524485
65.62828179961245,6.407513611119646,39.89935750551989,0.4600804369592613,Low,-6.449282429503907
79.20568262783051,6.801139299448433,19.916345578259055,0.26080994125145923,Low,1.407483874628162
84.21633191924427,5.978193703039222,20.79854585153864,0.22453985084426728,Medium,1.3898799200303409
82.81864408259102,5.357880942750792,10.726833741708422,0.5123046344273758,Medium,9.29327439659491
67.84942583111959,5.059204570736343,32.81833420624753,0.38392016950772806,High,-3.7331062116995324
84.92627274716375,4.744341332714976,29.278877902352104,0.22326551820219032,Medium,-4.048235152566903
68.303718062388,7.64764572123913,12.726936447606613,0.5979465268679068,Medium,11.562170084049836
71.38898943557437,7.153097038938646,7.883336596554495,0.22311222439854667,Low,7.196317902560171
86.12719917913084,7.825134553332563,28.81747557261496,0.4780140915434213,Medium,2.0334256439756833
82.7371514666525,3.6214861174277235,27.907892499839733,0.5934715701053654,Medium,0.7750872916687226
89.72281936729622,6.654337376018221,14.564083444937326,0.29567204168637023,Low,5.912423760542303
83.01645123051202,7.691702284105189,38.28022467876436,0.2568997474748785,Low,-6.055333573817156
79.8908011167415,3.906165330828301,10.287026212331508,0.24855397576897156,High,5.301395568235899
63.27861687398324,3.3324813368338875,20.131718036491066,0.32131005902703824,Medium,-0.21158271372162907
72.87005310708017,6.705603246450295,38.02655720586596,0.2404183244042587,Low,-7.631402807410902
69.28208286886039,5.8723655658995595,19.69045609241428,0.4768645366776528,High,5.188732101211606
68.53963751826792,7.20914388379136,27.348408168242994,0.22491671925202508,High,-1.9096390556915206
94.0553694163356,3.6988618831314475,18.915803928697798,0.4037688512599159,Medium,2.831260728239924
73.75842036333661,6.976336559299451,14.59753208220345,0.5986787415411907,Medium,10.04530265309496
91.22162943119896,4.008136600238723,39.43921767859399,0.5255881078024075,High,-4.974307472642454
82.0898519099042,3.8182797143285225,19.326690221026507,0.44608777529240434,Low,2.8655921845829586
87.8183956239577,3.8213289896549645,36.29347212876971,0.32250144831464467,High,-6.337668353087119
77.59229825868172,7.07287360115691,13.048411206188016,0.4495583345166554,Medium,9.031054210699436
80.19163596192257,6.325986103481,12.458664640877917,0.4108165855646606,Low,7.362811101736036
77.23811928366024,5.615327123845597,6.089692900957898,0.3704333535561486,Low,8.886840400947962
66.83350457293156,4.794152420617513,27.808338888155976,0.2522841506960798,High,-3.546403114539582
85.28582403415268,7.386002704065541,17.898422030331638,0.5546416860961867,Medium,8.6856935571235
69.82703268542996,4.962225537113177,35.252538744387294,0.37991385952852896,High,-5.1142468612942
60.851058825100885,7.082997197357885,21.5623467342045,0.27784900472830604,High,1.9725917244983053
82.59153035675087,5.195674542851092,38.88676997701526,0.34710374035091585,High,-6.839371811390874
66.19887377924671,4.884722147124538,11.49339304960924,0.3656519010115708,Low,5.452719446251072
92.91605045235201,5.3133989283480325,35.401810878446376,0.5310151582267497,Low,-2.2885061425655566
93.38750019509055,4.50688937082071,32.18088984771096,0.49344575222456083,Medium,-1.4997369225294896
92.0202536577157,6.738046900881256,31.982264562541822,0.5077219574565359,Medium,0.49136342137851674
72.95555450894055,5.513601950462396,34.567412984091064,0.2044125057714589,High,-6.230635425883215
60.54098157851036,4.161063475734086,31.63583968300496,0.3664615992719046,High,-4.6477132141345265
92.49114969057038,7.497872866372842,26.917711257099537,0.39253766065412943,High,2.810133378573436
74.986445191106,4.919456106866058,9.593570718883566,0.20767691072922267,Medium,4.789302814038114
93.83291866652843,5.717764305569943,6.138416282193817,0.3039252834980137,Low,8.932993694771476
93.72669919812384,7.532360554822735,37.22967467354904,0.504115929248854,Low,-2.144833501829852
89.85533094135761,6.1211899795699605,26.58276100822583,0.2548438822915996,High,-0.6315047064229611
70.3057112224355,3.5844902035418205,32.87880518416617,0.4141240525810367,High,-4.364833971723053
73.47842050106739,7.699160618067376,21.853282302939252,0.286080748806895,High,3.0549436388016584
89.78978350308999,6.138540265357089,9.105786613683808,0.2048483098575573,High,7.144806578058493
71.09227018046971,4.674528073285431,9.381502727089266,0.2964805830398166,Medium,6.279283969257733
65.93224613401324,3.6963603633169364,28.994785053014,0.5903495019640215,Low,-0.8851448225104137
79.48804418604226,6.97012594635148,20.060706321481195,0.5206148447531957,High,7.045098384013121
92.76541709562733,6.100363779642567,12.018365434511786,0.5838306577284134,Medium,11.633010664166036
84.36104288362405,5.667305459881607,22.20580913595029,0.395141617570545,High,2.946558510777783
79.95214095312778,7.4694629152547884,7.247312797629693,0.2438944794710014,High,9.953606138287492
63.4011772819769,6.9429860561226535,25.36899906700396,0.41918379558947716,Low,0.5790598752109473
81.52525293447094,3.758374398663756,14.414769155228418,0.38175093382398434,High,5.284254800138991
94.65188475364921,4.558610338977742,32.914568522301586,0.5377428330958464,Low,-1.0117939488529282
64.90294053327834,4.242445699072329,15.862668562325082,0.23923303231369786,Low,0.785135650227478
78.14153783273079,6.719731462863384,20.93270521786304,0.39529645480871123,Low,3.699104366598791
90.70805751747844,3.167662173678897,5.406718896783522,0.2600194658775937,Medium,7.490295596768287
85.92690162139715,5.8494484243565825,7.535641072809561,0.329870370756024,Medium,8.94916235803499
84.39555093483438,6.812293428703453,18.73727447423397,0.4949428309551199,Low,6.662427895292429
84.58694293954882,7.383828183808747,21.797859215099322,0.39040725174750657,High,4.254250370331375
72.58219029269144,4.710408743579537,26.00071918417563,0.3503553140583077,Low,-1.3514132943735804
70.27571454925727,7.1062865233600645,15.208190254825613,0.3577905114280141,High,6.714753620956417
88.32764044174797,3.553158684776036,29.32436601442899,0.3837787073623946,Low,-3.3874974830224187
88.35396881377133,7.232261458672591,35.10428390162216,0.5140066175348228,High,0.04519477010859574
90.34753115030364,3.6374433116599123,32.29478461126725,0.5568338755760938,Medium,-0.9694453532151189
91.9634193394765,4.986436452801836,6.3866588871925,0.5821338746015713,High,13.765764885842186
77.89698396013281,6.986476828897768,21.81774315402401,0.514761354502118,Low,5.026186115260094
77.55307031405198,3.7495871367438687,8.67255624463612,0.3261627582992051,Medium,6.090774575107156
87.94033126383712,4.146256976163207,13.471575555188462,0.47525388243461686,High,7.7936946854623015
82.74873757722179,6.611262841965331,39.533190764350124,0.3750412496221568,High,-5.503461957185364
84.56884070401962,6.600182682730372,9.987344001552962,0.30186824881842045,High,8.151067768074368
87.85274343026353,6.205738164426487,22.461085370797463,0.536348631770369,High,5.73809707463464
91.15018696361483,6.4697422223355,26.635450701134168,0.21537053958493002,High,-1.263807274598384
71.82983048980375,5.713622216737981,29.58627396904364,0.5607047968541694,Medium,0.9025062122081016
73.14540334239804,4.258995294534763,24.587703922041992,0.38459098584989365,Medium,-0.9245991870149857
63.28936789443041,4.728479967519597,5.341979659671428,0.45488059072331216,Medium,10.510181875225594
80.23980493486609,3.9079885840071285,16.426145788539714,0.46374156888231305,Medium,4.694412486410603
61.25797958288597,7.542252806668142,23.1199075184649,0.5580470962826145,Low,4.413639869028652
76.29593063463611,5.916958973830602,8.075327470069167,0.4546678728668829,Medium,10.443069263309301
78.99256221476519,5.0042570838181994,17.271942592321327,0.4455734339040247,High,5.367952111443926
70.02894382448996,5.310029018220663,6.16210880769783,0.226660816224276,High,7.364471153681922
80.67916411991538,7.7364166980590765,7.750247400425726,0.40736320877808163,Medium,11.954052726251085
61.06750874786673,3.766757015580401,18.892314667055864,0.26006760032681664,High,0.35468463248477733
61.3071866062225,5.9311491600839865,9.645051391507113,0.4949735074885942,Medium,9.199309524319354
88.79101962308803,5.52944339442233,24.863929689154535,0.4048887683250698,High,1.838086963412839
72.6066724493942,6.05727117717324,29.1312739198043,0.47209111168334134,Low,-0.9741672255724056
64.44711794281596,3.0905509191042024,33.0205344688179,0.21666916024095373,Low,-9.326470988621267
78.27851410191815,7.360619544720757,12.005258548568353,0.2339168064183213,Medium,5.857771455131818
86.94977435845138,7.660591412418062,10.861890379067441,0.4865293552250729,Medium,11.140416485164584
67.55373596238951,5.825665917946045,8.65987441170401,0.22883373439946936,Medium,6.342736133976904
81.801166653665,6.483254119384461,27.275058734027283,0.22850269110610344,High,-1.0386922944821273
62.98716127478188,7.612496905886479,29.72665042704154,0.204843390093955,Medium,-3.8331426370081045
61.80886024090127,6.5361931715669925,6.105515068897471,0.582600559319792,Low,12.361499183170888
78.59741210488518,3.762695214571307,37.767428618529145,0.4950033437836028,High,-4.566823388002522
78.92222925635373,5.881441800834066,6.818994927801534,0.34130056340082565,Medium,9.50122542469558
82.31004655243723,6.03357523191428,23.945371735537467,0.3186142325150621,High,0.7920903176261959
85.41319668029315,5.12065335651193,29.817118180782074,0.3398812918983398,High,-1.9435583384019406
94.15482278118871,6.682221178123614,35.483919331113,0.5098614124724727,Medium,-0.9732495329307872
78.07051219054183,7.671835073845074,29.993042624634974,0.4645482444281657,High,1.5549964175488569
71.30347655294361,7.627842564533882,33.06048290744272,0.27407822714698715,Low,-3.960502891247429
87.83151681690462,5.254196857020661,16.880756738998212,0.26964373413363374,Low,2.8305037981023644
69.4791287941726,3.566190229203776,33.518878981127926,0.23935825988535894,High,-7.211970225199105
75.36399972469727,7.924205994811673,7.804019623463629,0.46412108788053524,Medium,12.615016268372944
62.74597334697931,7.194490432229671,36.31858296211847,0.5057490648886944,High,-2.447732123114034
60.88727601954101,3.6233134060163343,24.165733165380768,0.3060185713300016,Low,-2.9660779188541206
93.69269451372737,7.604209413086862,33.60542194868728,0.20837798441236513,High,-3.7312188388187275
89.25930421792721,7.349481810310642,20.831139958140504,0.23286866699057096,High,2.5696626838132897
84.35909721327943,5.5941902856303605,27.525219331878375,0.5871440139380122,Low,2.5258635776005987
74.31335305449944,5.9563771787246464,23.42409313276396,0.3181779109909681,High,0.884038012017103
66.0653012024796,4.9950135193506515,30.605633261436616,0.5076892591352534,High,-0.8604836722479878
65.47529649348802,3.2738081941101567,7.8570493710706355,0.4498654275417055,Medium,7.332111369631306
68.75850143576083,4.675986208229505,7.112322939669733,0.35277585586115834,Medium,8.198449727277701
79.22293326471421,7.014267242990057,13.648613190355125,0.28227490487822204,Low,5.304564235313482
85.01085729450219,3.023160115023014,10.584063803961591,0.24855456726376257,Low,3.4976054414664417
83.1069081851206,4.667495858455721,35.512424830727056,0.4460051872155466,Low,-4.4720939886815545
69.797686393108,4.990843467954717,12.672489557531552,0.5098535122551151,Medium,8.157516095428951
93.4202848232118,5.686978014689615,39.155283953669596,0.45756170141645225,Low,-5.145259563153008
85.8263920843519,7.599278082063803,16.79135271198874,0.4121208532996633,Low,6.418281055236886
79.40239183789902,4.7317299718298065,11.374127049104475,0.2167804893726545,Low,4.004520041633027
81.41022611820233,4.734766009481138,32.63944774998677,0.5873955110377536,Medium,-0.7952996999543698
74.68600218497265,6.687506240548742,28.054772142530663,0.5194856766618299,High,2.4540732727382393
68.67058463254051,5.261089704449036,22.436850075859866,0.3171288146803859,Low,-0.5322987058205064
72.45904375279416,4.12302411469991,24.437724282817094,0.5919881317435403,High,3.3831160392501394
86.52461386625292,5.262197580663467,30.172062239529236,0.44075263585452884,Low,-1.82896782673944
60.50377210204145,3.704285101898999,12.995915946595456,0.4329690632828986,High,5.697785066101443
64.06254241774207,3.8819349325311165,39.871687061985966,0.4992292717718128,Medium,-7.006515375259947
61.610092470761344,5.4918388636973985,39.11776067513741,0.524707915236055,Medium,-4.772377846612244
61.425508081163954,5.094627247522739,27.76139902214279,0.46259144293260107,Low,-0.9063628773272665
89.94112044038525,7.5742295053405,11.98398578252008,0.25123829854648,High,7.817159310516495
84.62802507830082,4.811969495583165,28.807988485095198,0.33530700239779937,Medium,-2.061005032927007
76.59608401805639,5.902941751390218,7.526944314271154,0.5712334561304199,Low,11.521707061093519
63.42419562278505,6.161321439597652,6.072837577203212,0.2898462447375408,Low,8.396848426623926
77.20655562908914,3.065472282941668,14.01890109789248,0.3488668095350053,Medium,3.657163153214695
76.5715119773198,6.317686860083553,21.191803485876072,0.3728307531776784,Medium,3.0419390948908807
66.06206544685053,3.890179834348757,35.38953768929332,0.37576199587778086,Low,-6.662419397576016
75.18480772332906,7.805351587347276,30.45091744182078,0.44517583299781016,High,1.3313320311005257
73.94766570390807,3.7433136387655646,30.994728241999336,0.577230335097883,High,-0.5605175732422041
81.55475343182758,5.0731206186351185,19.892266705682637,0.29627708473300196,High,2.141392500205738
82.22827778036753,3.4267483403932193,17.107724739143702,0.24860055052036723,Low,0.6236687023117411
61.585640342021556,7.984371259229737,17.986356704461095,0.27898819594397495,Medium,3.6274859330018514
73.1114415119265,5.510975051656213,39.56773473076203,0.5547699600837077,Low,-4.9930975221097835
81.90509704999828,5.976925086600219,6.403821699436887,0.45832432506208237,Medium,12.039825126865047
77.60976905030307,3.3353823869421375,35.3461023642857,0.31436271569566404,High,-6.872911244092528
89.97714444159128,6.749802351995889,25.253639300033768,0.526378775587447,High,4.204061846583507
83.05427710666308,4.049527965477929,20.351539671635667,0.5445479985453744,Medium,4.365754089948732
65.70270494785004,7.490271447203568,30.384018114529777,0.5386057354761111,Medium,0.9868871125731826
62.469906159015046,4.025698202410036,22.0334129498646,0.5675706134558218,Low,2.5290427388669254
82.48467473722104,3.953438603318333,35.56981333285812,0.30089640806934465,High,-6.758467304025933
60.92789586895676,3.1827483392404745,36.52456524039405,0.5020167714985113,Low,-6.91235906475525
80.50214534457122,5.360334725549996,19.760232440570938,0.38421579890965596,Low,2.675199763373789
92.90805844987352,5.824205666313082,14.688972903226805,0.5367994211560245,Low,8.036258497991893
80.14159622565576,3.328543197141762,25.732261500767677,0.49139627086464527,High,1.0491774668193852
73.58594741722827,6.877638083475053,36.932717096584184,0.5105789785998898,Low,-2.6432136965418715
82.51508764548237,5.266444173740139,12.37317661519833,0.4624647350724286,Low,7.319134227996397
76.03885116720308,5.6219513466379,26.803830424721898,0.27097150778788276,Low,-2.8449944972371166
79.09658762605773,5.20381373469114,27.10460770323822,0.4180107675587753,Low,-0.2844691983022576
92.95126830717838,5.00381530437663,30.658955784534836,0.5938678958098033,Low,0.9635733707812488
73.5135923230271,5.79820165654109,9.604868979454093,0.5749552265988476,Low,11.118582487273265
93.641669733837,3.7762012296535623,30.0538737638731,0.21726949431880468,High,-4.358158607520342
91.68727246846223,3.9096406524763556,36.816138223297436,0.26592592629177486,Low,-8.48024594578657
66.85268971762538,7.3089281050675865,11.28890881045847,0.2526915093818248,Medium,6.317734677720897
62.42764553063079,7.7305773106681634,13.314016372335718,0.49039196399411816,Low,8.656619805641695
63.52723004820993,4.866546581398765,38.998828291457386,0.527114131942778,Low,-5.894842693963843
60.63776389780424,4.353723365717769,11.334193344832142,0.2854045465242688,High,5.127484787196921
63.305503626457494,6.219997716195079,34.90347826793527,0.4023410771807316,High,-3.5751501495429587
83.9052370695725,5.0436708554904826,22.22972497568122,0.5362812112044799,Medium,4.01309547645967
62.49160269610802,3.1269317783017243,13.653087604111196,0.49312061790650025,Medium,4.722196580172328
71.16414706028165,3.780762986830952,35.4762465445379,0.4168948821967393,High,-5.748943123822915
89.5706358839309,6.579861144236988,20.585683925093292,0.4361390761835091,High,5.9680699251465965
60.81451775075391,6.294619709550757,23.018607387539156,0.40334421876651194,Low,0.7187206382315625
88.50639689061275,3.1354799625174175,17.5731679289918,0.3190193805275282,High,2.149212144662968
69.864917117069,4.109860809664747,25.75327980022246,0.4260087971436064,Medium,-0.9857495629428676
64.13576896675796,4.1553739829403575,10.723335540475798,0.4755541208200363,Low,6.844735917749258
84.38580078774527,6.359463717993642,18.687853782811622,0.549329166344323,Medium,7.30486632458671
82.01299963729593,3.0985526887718207,38.92943128173506,0.45451654159169924,Low,-7.370391112942981
90.71152047344685,3.5205429099228693,14.034670144539463,0.5044486148172631,High,7.835709642645488
85.727486533136,6.999580426865947,27.985783258945226,0.2640286539818292,Medium,-0.8746585150893147
88.1218325634697,3.892723310271668,16.38165224786432,0.384622989767916,Low,3.8521853639993746
69.87121003999573,6.263730539259374,32.071559399031024,0.20373264793083734,Low,-5.959322116855867
66.21038403229029,4.190913905233632,9.580578125142244,0.2986715458086492,High,5.605590043763343
86.27151630743003,3.497206963796726,38.943736577749064,0.49058468604520195,High,-5.475566440185567
88.23921587435424,4.21586095499727,20.882633948427376,0.5967239805397453,High,6.236347842150859
94.66767997002356,6.611334659278295,13.261766217126238,0.23967123983488636,Medium,5.528847413895788
74.44161869189992,7.278482340531429,7.572386156550444,0.3605977263445153,Low,9.224915304818534
73.02063300274742,7.151099322834958,10.941526678063926,0.5200283874796638,High,10.916384038419924
87.17445362596989,4.985917648092274,23.192088199460617,0.2816142538515595,Medium,-0.5157013937488228
71.92812390885562,6.340425682853231,16.79511117509502,0.4220339797209145,Medium,5.557218517191311
92.57650639612476,4.024921477079105,34.01091780589133,0.49322851841186993,Medium,-3.2210369755513004
90.04444631450542,4.465738651305067,20.081063328163207,0.4463941801040716,High,4.654589233632045
75.01479095812564,7.4816790926055985,13.704999540567046,0.27520989384616645,High,6.646050711138364
86.28048737270241,3.06500961755368,26.60007453114105,0.3421538274742958,Low,-2.6270790587847896
86.40900059296388,3.42754265427234,29.737202590990602,0.5135167137941589,Low,-1.2991995196511223
63.60933540925764,4.039431275730136,10.846466776533244,0.42169060565280664,High,7.173334538679792
91.58935173378484,3.1326610193690985,10.866672570091119,0.2020918454171651,Medium,3.5612241568304412
77.68383303567501,3.907177175448987,6.283499942674004,0.5043963040112376,Medium,10.152806125227197
88.92601131377096,5.91520780484846,30.774070527297418,0.21412454197609565,Medium,-4.074998723860318
71.20173603607141,5.107122752962489,28.23315846676318,0.49829351309249287,Low,-0.14335424240884365
91.34331299736701,7.4633585553848745,21.612080651243485,0.280992224066095,Medium,2.6355717596124606
73.6220587556957,7.087217808692205,34.5459657139219,0.583229392047752,Low,-0.8096194986698482
60.379317801810444,4.70908675848938,33.19845535325186,0.3471763005208338,Low,-5.993513578058392
91.68836917467422,4.297117167156463,25.487402753886325,0.33077264653523164,Medium,-0.9341297819918708
63.19503368751467,4.898462040836335,35.38949481796405,0.2595552201329779,Medium,-7.482802769185389
71.17597731566453,5.951474712574038,12.20444235128689,0.32224168619608595,High,6.706190544646091
93.25216884677818,4.340318204114381,8.917186678920476,0.5506603047312801,High,11.018688394007388
93.27125014281447,6.1207445392456705,14.441236403094637,0.5985337350508989,Medium,10.527041457082008
80.07032608431501,5.047058260956202,6.99803996312602,0.34732381220273933,Low,8.282011846300858
82.11430242594298,5.760235904259901,23.59093348003612,0.379444252381817,Low,0.7199597530182504
75.69559326924119,5.180632645676583,37.78119923032365,0.4888283752810948,Low,-5.336609556209605
70.26237700943226,4.472328797709588,6.377023923397838,0.5544783121860297,Low,11.157441383566107
71.50325908794706,7.742266534810783,9.273846990350938,0.4372177336747136,Low,10.543015647912243
83.53814596269635,6.818028970798804,20.826965989920232,0.35661027927113176,High,4.559160078108805
86.3331085303188,3.7005658788322626,37.685625613476674,0.3650487363394495,Medium,-7.220895422294008
87.7052665304047,7.342339879489564,16.06546367418627,0.47824725859872275,High,8.952438846589176
87.63663499780938,5.437155991247568,22.753218304093735,0.20128730544171147,Low,-0.7600178784349485
63.192213606704165,7.472761134470457,6.455050066763723,0.44783573498393625,Low,10.669896458231989
77.30471066459035,6.999276279736576,10.19201203367311,0.342197204176543,Low,7.971948878884749
62.01455660058255,5.126067522346167,39.53205430355964,0.5176789325108337,Low,-6.041154610324142
79.23351088133074,3.112346541600587,38.77915437526159,0.23719625592925286,Medium,-10.380684142499701
75.4535675480682,4.34338679692473,5.172899332704336,0.43528090677935616,Low,9.510531417546261
91.06964639654049,5.708171073304335,38.313412489813366,0.39238915595444945,Medium,-4.727088945093013
72.28202543932275,6.167391099130736,27.369197823542514,0.45693021036209097,Low,0.44266457988294317
64.0973455749662,4.2894384271660115,35.37714030820077,0.22594143779318734,Medium,-8.96999605760545
65.00470887184926,3.6967803703641207,20.915894947185066,0.4319935149712525,High,1.7699501204573531
86.65287211011153,7.174651183996495,23.04586100027376,0.42459383518380944,Low,3.371764438290739
81.63763221606914,7.92201090351776,22.109630308992205,0.42426403776646837,Medium,4.795819743409121
63.53929366429766,5.628450911513429,28.340249014113652,0.4413950666385819,High,0.08662696230452482
62.94373821402491,3.8583964292415174,9.887793916470951,0.47058717489054486,Low,7.183064939397
84.5339196010692,4.361536632596845,6.049075645543729,0.5219955998723078,Low,11.075779822701797
62.54670522274677,3.0919533827373336,15.777547955691682,0.30792828805128575,Low,1.121862844842723
88.76510207516247,7.571494032802495,29.663826695782635,0.5300197640720248,Medium,3.063854414529497
84.71847795047736,3.5887554144507057,12.064870824303192,0.39930227290538145,Medium,5.7203772464617355
62.84720732246649,5.882582377571268,28.570135166372104,0.2308233116537325,High,-3.9554841693638414
62.96931999298172,4.37027610343603,38.94692161375446,0.22342037169759169,Medium,-10.770611223012185
94.53238524754114,5.770890012578967,8.286525052629644,0.33369532747842434,Medium,8.851713736597107
73.09947785146421,6.257101941759322,28.54107413787942,0.5139587908445871,Low,0.8575231093927203
72.97247514734119,7.1487090185360085,20.53125767565999,0.4830723738963663,Low,4.387420767298167
88.44798485401259,4.032106358803016,35.384978903212684,0.5154459858689626,Low,-3.5096410382822887
93.15370020843505,3.0549791432924023,11.200242630658508,0.4069076225766437,Low,5.653731538014243
94.51003723380049,3.6844281503440364,29.24190832791576,0.37607959918219624,Low,-3.3015350882256325
86.36823648406296,7.500093209240525,34.334035137683856,0.25898101068251356,Low,-4.675538822754703
73.16908549358206,7.369450387812576,38.061497681590815,0.33127710144372463,Low,-6.488721466002195
62.922525084453405,5.987065510851542,28.913680990137603,0.3736077464695501,High,-1.4864854146887496
87.20014205746028,6.002584302168267,22.401116740294956,0.2354401718718469,High,1.233576969361764
79.54414874075317,6.325183372731278,26.624653407042484,0.2882447810844845,High,-0.3882967376969142
74.84777032364417,3.876856393117248,35.41167445675514,0.4392901176254955,High,-4.866172768697914
91.72240347831575,7.572059729624799,24.97134113235904,0.4942652456956759,Low,4.498994514844231
63.8919118807153,5.093852624460366,6.06354708938929,0.5993390045571798,High,12.605645952649864
77.24187865018007,4.915692641247487,37.583204342744224,0.573245332537423,Low,-4.379451974566069
60.39737756685967,5.594588526414188,29.13343628610464,0.4570260798140766,High,-0.4058948961505645
76.40312246979443,3.234829833875275,28.677968502203626,0.3684992213176288,Medium,-3.6960710570358226
61.970614648864306,3.831416843780397,12.548630333920102,0.45447094588329306,High,5.7985144349772595
64.15862706938252,6.690168082131852,28.060991458143,0.5142606472320927,High,1.2997782057642788
64.11341863719868,3.413993339625632,18.785254197895547,0.24733447636935493,Low,-1.705879954252457
82.72236057406222,6.015760547331941,27.79315419645222,0.3639619558785153,High,-0.009880932201187798
86.11157077428982,4.226745548406605,8.730756060779676,0.5359209142542469,Medium,9.883102752872139
80.41790677840058,4.946478070209883,28.02458566110626,0.3535331807732176,Low,-2.4885275310013695
93.67603919660897,4.443468683853499,39.979480401973326,0.4287489084908746,Low,-6.481601102947257
73.12047028332964,4.7783635823247455,6.687421360119461,0.4351077443448793,High,10.184719758671768
69.99992301986512,6.595229525921227,39.2010964477461,0.2737905012534557,Low,-8.435842108712983
90.40096948663111,4.485608578115875,19.24177862530047,0.3448941766609154,Low,2.4137183582686683
67.82585434818084,5.8320232014844855,35.47637076180407,0.33380451549677287,Low,-6.3148215534027
93.7127888804214,5.380252010995498,32.38349194203957,0.21047868341282594,Low,-5.711325146056547
60.42540661414357,6.3183558268132405,24.845569134533374,0.2096767055565421,Low,-2.364378735569349
93.94575893476737,7.68414869662379,30.845722323796426,0.5326788174703094,Low,1.8468426917410743
61.51059691827017,6.662860486051251,35.748044645547175,0.309228323989125,Medium,-6.101406139160812
91.19000897943249,4.074701892953784,19.144911257786156,0.4072315064955262,High,3.8563832673385257
78.4695388180205,3.1559156753064235,16.446160654713353,0.3194902294355092,Medium,2.5053794785460184
94.75376786417552,4.311320221499125,28.365768494725465,0.5762716980461362,Low,1.6388973246580951
62.58287976573896,5.975389653501274,33.27460796794405,0.3037187035463095,Low,-5.529097063659426
79.38489995404623,3.2571290674212516,31.679979717181553,0.37186272509557405,High,-4.613294798949634
93.92558874666847,5.481831236006181,32.92347771005221,0.5490921001938407,Medium,0.12771029441626391
78.3084245459552,5.984214244584447,20.245416018452655,0.5367734267167235,High,5.997322325618155
82.02895233473419,4.671219454084804,33.62419756612576,0.27444056713851095,Medium,-5.579142966673983
84.35120411446161,6.854561018729109,9.207316937971296,0.5210573239182841,Low,11.591740420835434
75.90893726687206,3.532991265668859,24.057118428629735,0.38327475469515704,High,-0.5056401076103061
81.96453280294222,3.375688908679044,5.201553117434255,0.3931875488341421,High,9.366952998615403
80.4510009173085,6.6409437810180165,16.36050404650946,0.2533919889663775,Low,3.8605336046075593
91.54053036718462,5.477456581030992,17.826153720498926,0.23224060550284986,High,3.100821984490877
61.59062331195103,6.4420119821386805,18.866044206323938,0.49117572278950605,Medium,5.638584726343854
69.83371163572806,5.174136693018731,29.341352234145177,0.39858446094211986,Medium,-2.0418044133424105
93.26440194267956,4.2320101661955345,18.5995335444621,0.3747402810460718,Medium,3.2077316618493645
91.15923243618207,7.095511588370998,20.704276791788573,0.4918032914609587,Medium,6.640779244927845
75.94798634749995,6.997079394844896,13.314044580601461,0.5062051595964439,Low,9.042232997987677
81.70464092305379,6.473482354272134,18.063812707026905,0.2635632670677414,High,3.787723956570909
69.70834140433965,4.360725686149813,12.954436954210301,0.44409005979105654,Medium,5.738599014241481
66.58424059033165,5.9511533343454355,7.561857331895528,0.2541416329110742,Low,6.128075509288317
76.22944417289938,4.804869484700134,26.120700768348225,0.5005500344116183,High,2.058356629409623
72.36732798091185,3.457910366633171,28.387447949425567,0.4627820625068558,High,-1.6283062682532088
80.42796391478052,7.586567877311214,26.682162110336506,0.5826458484333832,Low,4.117535102518149
62.72071229377447,3.684093154594807,21.222291533020034,0.22758320654256847,Low,-2.5065457162364
94.10381826831582,7.751186769104012,18.292502306273043,0.22282188846050174,Medium,3.847952529122983
94.5173760567861,5.230028864789778,35.21667773501388,0.31287482987728005,High,-4.92375095682202
